File Name,CC Value
./vignoles_output\Cluster-Closure-7-17-23\CR1\IMG_9797.png,95.5281524260939
./vignoles_output\Cluster-Closure-7-17-23\CR1\IMG_9798.png,94.18209220416561
./vignoles_output\Cluster-Closure-7-17-23\CR1\IMG_9799.png,90.71739083364827
./vignoles_output\Cluster-Closure-7-17-23\CR1\IMG_9800.png,94.7372573643655
./vignoles_output\Cluster-Closure-7-17-23\CR1\IMG_9801.png,94.03666173259427
./vignoles_output\Cluster-Closure-7-17-23\CR1\IMG_9802.png,92.26589073129252
./vignoles_output\Cluster-Closure-7-17-23\CR1\IMG_9803.png,90.89054265610565
./vignoles_output\Cluster-Closure-7-17-23\CR1\IMG_9804.png,92.41128839653146
./vignoles_output\Cluster-Closure-7-17-23\CR1\IMG_9805.png,89.63022178392961
./vignoles_output\Cluster-Closure-7-17-23\CR1\IMG_9806.png,92.7741100298144
./vignoles_output\Cluster-Closure-7-17-23\CR1\IMG_9807.png,91.91533046474763
./vignoles_output\Cluster-Closure-7-17-23\CR1\IMG_9808.png,90.20346323328714
./vignoles_output\Cluster-Closure-7-17-23\CR1\IMG_9809.png,94.51928389025363
./vignoles_output\Cluster-Closure-7-17-23\CR2\IMG_9780.png,94.92235069181993
./vignoles_output\Cluster-Closure-7-17-23\CR2\IMG_9781.png,93.19423612423364
./vignoles_output\Cluster-Closure-7-17-23\CR2\IMG_9782.png,90.8576050983665
./vignoles_output\Cluster-Closure-7-17-23\CR2\IMG_9783.png,95.08591486363063
./vignoles_output\Cluster-Closure-7-17-23\CR2\IMG_9784.png,92.19687440948601
./vignoles_output\Cluster-Closure-7-17-23\CR2\IMG_9785.png,93.70378407921811
./vignoles_output\Cluster-Closure-7-17-23\CR2\IMG_9786.png,95.2130968127992
./vignoles_output\Cluster-Closure-7-17-23\CR2\IMG_9787.png,93.82169003789788
./vignoles_output\Cluster-Closure-7-17-23\CR2\IMG_9788.png,85.14892598628958
./vignoles_output\Cluster-Closure-7-17-23\CR2\IMG_9789.png,94.42631074420508
./vignoles_output\Cluster-Closure-7-17-23\CR2\IMG_9790.png,92.77337188733517
./vignoles_output\Cluster-Closure-7-17-23\CR2\IMG_9791.png,95.64226925338036
./vignoles_output\Cluster-Closure-7-17-23\CR2\IMG_9792.png,95.41224765369111
./vignoles_output\Cluster-Closure-7-17-23\CR2\IMG_9793.png,94.7517413601243
./vignoles_output\Cluster-Closure-7-17-23\CR2\IMG_9795.png,96.0192304159318
./vignoles_output\Cluster-Closure-7-17-23\CR2\IMG_9794.png,94.4039204223356
./vignoles_output\Cluster-Closure-7-17-23\CR3\IMG_9763.png,95.04226603835978
./vignoles_output\Cluster-Closure-7-17-23\CR3\IMG_9764.png,95.82653422094147
./vignoles_output\Cluster-Closure-7-17-23\CR3\IMG_9765.png,92.45784878380364
./vignoles_output\Cluster-Closure-7-17-23\CR3\IMG_9766.png,94.02012734105988
./vignoles_output\Cluster-Closure-7-17-23\CR3\IMG_9767.png,94.29183758765852
./vignoles_output\Cluster-Closure-7-17-23\CR3\IMG_9769.png,84.35517677364156
./vignoles_output\Cluster-Closure-7-17-23\CR3\IMG_9768.png,92.50100551408835
./vignoles_output\Cluster-Closure-7-17-23\CR3\IMG_9770.png,91.08886513710422
./vignoles_output\Cluster-Closure-7-17-23\CR3\IMG_9771 2.png,91.04250158782648
./vignoles_output\Cluster-Closure-7-17-23\CR3\IMG_9772.png,92.94925483696565
./vignoles_output\Cluster-Closure-7-17-23\CR3\IMG_9771.png,91.04250158782648
./vignoles_output\Cluster-Closure-7-17-23\CR3\IMG_9773.png,94.49318645282186
./vignoles_output\Cluster-Closure-7-17-23\CR3\IMG_9774.png,94.25365101673385
./vignoles_output\Cluster-Closure-7-17-23\CR3\IMG_9775.png,89.01511945441757
./vignoles_output\Cluster-Closure-7-17-23\CR3\IMG_9776.png,91.63191655906189
./vignoles_output\Cluster-Closure-7-17-23\CR3\IMG_9777.png,91.03025662425463
./vignoles_output\Cluster-Closure-7-17-23\CR3\IMG_9778.png,90.31712077191987
./vignoles_output\Cluster-Closure-7-17-23\CR3\IMG_9779.png,95.09246792852943
./vignoles_output\Cluster-Closure-7-24-23\CR1\IMG_9841.png,93.92466911533131
./vignoles_output\Cluster-Closure-7-24-23\CR1\IMG_9842.png,80.33876310941042
./vignoles_output\Cluster-Closure-7-24-23\CR1\IMG_9843.png,83.88772754472159
./vignoles_output\Cluster-Closure-7-24-23\CR1\IMG_9844.png,90.14268950249853
./vignoles_output\Cluster-Closure-7-24-23\CR1\IMG_9845.png,90.43078651213573
./vignoles_output\Cluster-Closure-7-24-23\CR1\IMG_9846.png,91.80708597096245
./vignoles_output\Cluster-Closure-7-24-23\CR1\IMG_9847.png,91.37164752089107
./vignoles_output\Cluster-Closure-7-24-23\CR1\IMG_9849.png,90.21927588550852
./vignoles_output\Cluster-Closure-7-24-23\CR1\IMG_9848.png,89.34486410304862
./vignoles_output\Cluster-Closure-7-24-23\CR1\IMG_9850.png,90.04709184985722
./vignoles_output\Cluster-Closure-7-24-23\CR1\IMG_9851.png,93.78342965272529
./vignoles_output\Cluster-Closure-7-24-23\CR1\IMG_9852.png,92.41859600707568
./vignoles_output\Cluster-Closure-7-24-23\CR1\IMG_9853.png,92.83043030097842
./vignoles_output\Cluster-Closure-7-24-23\CR1\IMG_9854.png,94.95934803319476
./vignoles_output\Cluster-Closure-7-24-23\CR1\IMG_9855.png,94.55806917674478
./vignoles_output\Cluster-Closure-7-24-23\CR1\IMG_9856.png,91.0574284690728
./vignoles_output\Cluster-Closure-7-24-23\CR1\IMG_9857.png,91.94390478027631
./vignoles_output\Cluster-Closure-7-24-23\CR2\IMG_9826.png,96.60512690801629
./vignoles_output\Cluster-Closure-7-24-23\CR2\IMG_9827.png,94.91335355515663
./vignoles_output\Cluster-Closure-7-24-23\CR2\IMG_9828.png,92.21552480946083
./vignoles_output\Cluster-Closure-7-24-23\CR2\IMG_9829.png,91.22685677280171
./vignoles_output\Cluster-Closure-7-24-23\CR2\IMG_9830.png,93.21765164399093
./vignoles_output\Cluster-Closure-7-24-23\CR2\IMG_9831.png,88.5186120165659
./vignoles_output\Cluster-Closure-7-24-23\CR2\IMG_9832.png,94.68901565255732
./vignoles_output\Cluster-Closure-7-24-23\CR2\IMG_9833.png,92.34329727261274
./vignoles_output\Cluster-Closure-7-24-23\CR2\IMG_9834.png,87.20385723733938
./vignoles_output\Cluster-Closure-7-24-23\CR2\IMG_9835.png,92.59136235512725
./vignoles_output\Cluster-Closure-7-24-23\CR2\IMG_9836.png,90.83568226673385
./vignoles_output\Cluster-Closure-7-24-23\CR2\IMG_9837.png,97.39872029058537
./vignoles_output\Cluster-Closure-7-24-23\CR2\IMG_9838.png,90.28604497354497
./vignoles_output\Cluster-Closure-7-24-23\CR2\IMG_9839.png,94.30857701877046
./vignoles_output\Cluster-Closure-7-24-23\CR2\IMG_9840.png,95.16222239281515
./vignoles_output\Cluster-Closure-7-24-23\CR3\IMG_9811.png,92.8659349542286
./vignoles_output\Cluster-Closure-7-24-23\CR3\IMG_9812.png,96.59703194549425
./vignoles_output\Cluster-Closure-7-24-23\CR3\IMG_9813.png,92.32492572646342
./vignoles_output\Cluster-Closure-7-24-23\CR3\IMG_9814.png,93.59561339968086
./vignoles_output\Cluster-Closure-7-24-23\CR3\IMG_9815.png,95.0778363042748
./vignoles_output\Cluster-Closure-7-24-23\CR3\IMG_9816.png,94.64037206317713
./vignoles_output\Cluster-Closure-7-24-23\CR3\IMG_9817.png,92.2006471377131
./vignoles_output\Cluster-Closure-7-24-23\CR3\IMG_9819.png,94.31909964989083
./vignoles_output\Cluster-Closure-7-24-23\CR3\IMG_9818.png,94.28845853542033
./vignoles_output\Cluster-Closure-7-24-23\CR3\IMG_9820.png,95.97944453630217
./vignoles_output\Cluster-Closure-7-24-23\CR3\IMG_9821.png,97.867104499979
./vignoles_output\Cluster-Closure-7-24-23\CR3\IMG_9823.png,94.58909576562107
./vignoles_output\Cluster-Closure-7-24-23\CR3\IMG_9822.png,95.13436161501637
./vignoles_output\Cluster-Closure-7-24-23\CR3\IMG_9824.png,92.87489108297639
./vignoles_output\Cluster-Closure-7-24-23\CR3\IMG_9825.png,87.819886345742
./vignoles_output\Cluster-Closure-7-24-23\ER1\IMG_9858.png,97.92855076058201
./vignoles_output\Cluster-Closure-7-24-23\ER1\IMG_9859.png,91.57586694014024
./vignoles_output\Cluster-Closure-7-24-23\ER1\IMG_9860.png,94.51834890977996
./vignoles_output\Cluster-Closure-7-24-23\ER1\IMG_9861.png,97.17290610302763
./vignoles_output\Cluster-Closure-7-24-23\ER1\IMG_9862.png,94.15452668335853
./vignoles_output\Cluster-Closure-7-24-23\ER1\IMG_9863.png,98.36421885498027
./vignoles_output\Cluster-Closure-7-24-23\ER1\IMG_9864.png,95.4522221697321
./vignoles_output\Cluster-Closure-7-24-23\ER1\IMG_9865.png,93.5346674356471
./vignoles_output\Cluster-Closure-7-24-23\ER1\IMG_9866.png,89.96390319244982
./vignoles_output\Cluster-Closure-7-24-23\ER1\IMG_9867.png,91.94314203304779
./vignoles_output\Cluster-Closure-7-31-23\CR1\IMG_9963 2.png,91.11601237717309
./vignoles_output\Cluster-Closure-7-31-23\CR1\IMG_9965 4.png,96.0026304117326
./vignoles_output\Cluster-Closure-7-31-23\CR1\IMG_9964 2.png,83.28598559408331
./vignoles_output\Cluster-Closure-7-31-23\CR1\IMG_9966 2.png,78.59975683946419
./vignoles_output\Cluster-Closure-7-31-23\CR1\IMG_9967 2.png,89.69350519914757
./vignoles_output\Cluster-Closure-7-31-23\CR1\IMG_9968 4.png,81.64310187809691
./vignoles_output\Cluster-Closure-7-31-23\CR1\IMG_9969 4.png,86.3564286632863
./vignoles_output\Cluster-Closure-7-31-23\CR1\IMG_9970 2.png,86.3340219382506
./vignoles_output\Cluster-Closure-7-31-23\CR1\IMG_9971 4.png,84.65627329249601
./vignoles_output\Cluster-Closure-7-31-23\CR1\IMG_9973 4.png,91.20976467361636
./vignoles_output\Cluster-Closure-7-31-23\CR1\IMG_9977 4.png,96.01758189772823
./vignoles_output\Cluster-Closure-7-31-23\CR1\IMG_9975 2.png,95.22884385235577
./vignoles_output\Cluster-Closure-7-31-23\CR1\IMG_9978 4.png,91.16618146101032
./vignoles_output\Cluster-Closure-7-31-23\CR1\IMG_9979 2.png,86.25337577160494
./vignoles_output\Cluster-Closure-7-31-23\CR1\IMG_9980 2.png,94.83306825816746
./vignoles_output\Cluster-Closure-7-31-23\CR2\IMG_9914 2.png,86.65470383755354
./vignoles_output\Cluster-Closure-7-31-23\CR2\IMG_9914 4.png,86.65470383755354
./vignoles_output\Cluster-Closure-7-31-23\CR2\IMG_9915 2.png,91.46815554925674
./vignoles_output\Cluster-Closure-7-31-23\CR2\IMG_9915 4.png,91.46815554925674
./vignoles_output\Cluster-Closure-7-31-23\CR2\IMG_9916 2.png,80.76178436266483
./vignoles_output\Cluster-Closure-7-31-23\CR2\IMG_9916 4.png,80.76178436266483
./vignoles_output\Cluster-Closure-7-31-23\CR2\IMG_9917 2.png,95.03244874338624
./vignoles_output\Cluster-Closure-7-31-23\CR2\IMG_9917 4.png,95.03244874338624
./vignoles_output\Cluster-Closure-7-31-23\CR2\IMG_9918 2.png,89.28118701184178
./vignoles_output\Cluster-Closure-7-31-23\CR2\IMG_9918 4.png,89.28118701184178
./vignoles_output\Cluster-Closure-7-31-23\CR2\IMG_9919 2.png,90.05895133902327
./vignoles_output\Cluster-Closure-7-31-23\CR2\IMG_9919 4.png,90.05895133902327
./vignoles_output\Cluster-Closure-7-31-23\CR2\IMG_9920 2.png,92.15726076310153
./vignoles_output\Cluster-Closure-7-31-23\CR2\IMG_9921 2.png,93.20466033635675
./vignoles_output\Cluster-Closure-7-31-23\CR2\IMG_9921 4.png,93.20466033635675
./vignoles_output\Cluster-Closure-7-31-23\CR2\IMG_9920 4.png,92.15726076310153
./vignoles_output\Cluster-Closure-7-31-23\CR2\IMG_9922 2.png,91.89577789063156
./vignoles_output\Cluster-Closure-7-31-23\CR2\IMG_9922 4.png,91.89577789063156
./vignoles_output\Cluster-Closure-7-31-23\CR2\IMG_9923 4.png,86.28728931773327
./vignoles_output\Cluster-Closure-7-31-23\CR2\IMG_9923 2.png,86.28728931773327
./vignoles_output\Cluster-Closure-7-31-23\CR2\IMG_9924 2.png,93.68708565602167
./vignoles_output\Cluster-Closure-7-31-23\CR2\IMG_9924 4.png,93.68708565602167
./vignoles_output\Cluster-Closure-7-31-23\CR2\IMG_9925 2.png,92.72399015547576
./vignoles_output\Cluster-Closure-7-31-23\CR2\IMG_9925 4.png,92.72399015547576
./vignoles_output\Cluster-Closure-7-31-23\CR2\IMG_9926 2.png,91.70614088613841
./vignoles_output\Cluster-Closure-7-31-23\CR2\IMG_9926 4.png,91.70614088613841
./vignoles_output\Cluster-Closure-7-31-23\CR2\IMG_9927 2.png,85.69155092592592
./vignoles_output\Cluster-Closure-7-31-23\CR2\IMG_9927 4.png,85.69155092592592
./vignoles_output\Cluster-Closure-7-31-23\CR2\IMG_9928 2.png,90.31622679936171
./vignoles_output\Cluster-Closure-7-31-23\CR2\IMG_9928 4.png,90.31622679936171
./vignoles_output\Cluster-Closure-7-31-23\CR2\IMG_9929 2.png,94.9891443846057
./vignoles_output\Cluster-Closure-7-31-23\CR2\IMG_9929 4.png,94.9891443846057
./vignoles_output\Cluster-Closure-7-31-23\CR2\IMG_9930 2.png,94.65698847054253
./vignoles_output\Cluster-Closure-7-31-23\CR2\IMG_9930 4.png,94.65698847054253
./vignoles_output\Cluster-Closure-7-31-23\CR2\IMG_9931 2.png,90.2588813303099
./vignoles_output\Cluster-Closure-7-31-23\CR2\IMG_9931 4.png,90.2588813303099
./vignoles_output\Cluster-Closure-7-31-23\CR2\IMG_9932 2.png,90.61273043167884
./vignoles_output\Cluster-Closure-7-31-23\CR2\IMG_9932 4.png,90.61273043167884
./vignoles_output\Cluster-Closure-7-31-23\CR3\IMG_9882 2.png,93.31267518581507
./vignoles_output\Cluster-Closure-7-31-23\CR3\IMG_9882 4.png,93.31267518581507
./vignoles_output\Cluster-Closure-7-31-23\CR3\IMG_9883 2.png,89.83148863326194
./vignoles_output\Cluster-Closure-7-31-23\CR3\IMG_9883 4.png,89.83148863326194
./vignoles_output\Cluster-Closure-7-31-23\CR3\IMG_9884 4.png,89.30731725560594
./vignoles_output\Cluster-Closure-7-31-23\CR3\IMG_9884 2.png,89.30731725560594
./vignoles_output\Cluster-Closure-7-31-23\CR3\IMG_9885 2.png,82.99269698234232
./vignoles_output\Cluster-Closure-7-31-23\CR3\IMG_9885 4.png,82.99269698234232
./vignoles_output\Cluster-Closure-7-31-23\CR3\IMG_9886 2.png,93.2610134138532
./vignoles_output\Cluster-Closure-7-31-23\CR3\IMG_9886 4.png,93.2610134138532
./vignoles_output\Cluster-Closure-7-31-23\CR3\IMG_9887 2.png,91.20601655013857
./vignoles_output\Cluster-Closure-7-31-23\CR3\IMG_9887 4.png,91.20601655013857
./vignoles_output\Cluster-Closure-7-31-23\CR3\IMG_9888 2.png,86.92222307518686
./vignoles_output\Cluster-Closure-7-31-23\CR3\IMG_9888 4.png,86.92222307518686
./vignoles_output\Cluster-Closure-7-31-23\CR3\IMG_9889 4.png,92.32510616129169
./vignoles_output\Cluster-Closure-7-31-23\CR3\IMG_9889 2.png,92.32510616129169
./vignoles_output\Cluster-Closure-7-31-23\CR3\IMG_9890 2.png,87.01061973786427
./vignoles_output\Cluster-Closure-7-31-23\CR3\IMG_9890 4.png,87.01061973786427
./vignoles_output\Cluster-Closure-7-31-23\CR3\IMG_9891 2.png,85.46072557109264
./vignoles_output\Cluster-Closure-7-31-23\CR3\IMG_9891 4.png,85.46072557109264
./vignoles_output\Cluster-Closure-7-31-23\CR3\IMG_9892 2.png,85.73054945357774
./vignoles_output\Cluster-Closure-7-31-23\CR3\IMG_9892 4.png,85.73054945357774
./vignoles_output\Cluster-Closure-7-31-23\CR3\IMG_9893 2.png,80.78329711514235
./vignoles_output\Cluster-Closure-7-31-23\CR3\IMG_9893 4.png,80.78329711514235
./vignoles_output\Cluster-Closure-7-31-23\CR3\IMG_9894 2.png,77.87888689426387
./vignoles_output\Cluster-Closure-7-31-23\CR3\IMG_9894 4.png,77.87888689426387
./vignoles_output\Cluster-Closure-7-31-23\CR3\IMG_9895 2.png,93.74106847600152
./vignoles_output\Cluster-Closure-7-31-23\CR3\IMG_9895 4.png,93.74106847600152
./vignoles_output\Cluster-Closure-7-31-23\CR3\IMG_9896 2.png,90.64716887912573
./vignoles_output\Cluster-Closure-7-31-23\CR3\IMG_9896 4.png,90.64716887912573
./vignoles_output\Cluster-Closure-7-31-23\CR3\IMG_9897 2.png,92.40818819811875
./vignoles_output\Cluster-Closure-7-31-23\CR3\IMG_9897 4.png,92.40818819811875
./vignoles_output\Cluster-Closure-7-31-23\ER1\IMG_0001 2.png,94.98963647959184
./vignoles_output\Cluster-Closure-7-31-23\ER1\IMG_9983 2 - Copy.png,100.0
./vignoles_output\Cluster-Closure-7-31-23\ER1\IMG_9981 4.png,100.0
./vignoles_output\Cluster-Closure-7-31-23\ER1\IMG_9984 4.png,99.73419489323507
./vignoles_output\Cluster-Closure-7-31-23\ER1\IMG_9985 2 - Copy.png,90.23615474353322
./vignoles_output\Cluster-Closure-7-31-23\ER1\IMG_9986 4.png,98.4519511894264
./vignoles_output\Cluster-Closure-7-31-23\ER1\IMG_9989 4.png,96.64402701667086
./vignoles_output\Cluster-Closure-7-31-23\ER1\IMG_9991 3.png,99.93804524124464
./vignoles_output\Cluster-Closure-7-31-23\ER1\IMG_9990 4.png,100.0
./vignoles_output\Cluster-Closure-7-31-23\ER1\IMG_9992 2 - Copy.png,98.94905734284455
./vignoles_output\Cluster-Closure-7-31-23\ER1\IMG_9993 2.png,94.09809979161417
./vignoles_output\Cluster-Closure-7-31-23\ER1\IMG_9994 4.png,89.85982510288066
./vignoles_output\Cluster-Closure-7-31-23\ER1\IMG_9995 2 - Copy.png,96.44535186759889
./vignoles_output\Cluster-Closure-7-31-23\ER1\IMG_9996 2 - Copy.png,92.71106446050642
./vignoles_output\Cluster-Closure-7-31-23\ER2\IMG_9949 2.png,97.52851854476359
./vignoles_output\Cluster-Closure-7-31-23\ER2\IMG_9949 4.png,97.52851854476359
./vignoles_output\Cluster-Closure-7-31-23\ER2\IMG_9950 2.png,99.73788560563113
./vignoles_output\Cluster-Closure-7-31-23\ER2\IMG_9950 4.png,99.73788560563113
./vignoles_output\Cluster-Closure-7-31-23\ER2\IMG_9951 2.png,94.36132139970186
./vignoles_output\Cluster-Closure-7-31-23\ER2\IMG_9951 4.png,94.36132139970186
./vignoles_output\Cluster-Closure-7-31-23\ER2\IMG_9952 2.png,89.65869768046107
./vignoles_output\Cluster-Closure-7-31-23\ER2\IMG_9952 4.png,89.65869768046107
./vignoles_output\Cluster-Closure-7-31-23\ER2\IMG_9953 2.png,94.23813362150416
./vignoles_output\Cluster-Closure-7-31-23\ER2\IMG_9953 4.png,94.23813362150416
./vignoles_output\Cluster-Closure-7-31-23\ER2\IMG_9954 2.png,95.8318324436256
./vignoles_output\Cluster-Closure-7-31-23\ER2\IMG_9954 4.png,95.8318324436256
./vignoles_output\Cluster-Closure-7-31-23\ER2\IMG_9955 2.png,84.2531982893466
./vignoles_output\Cluster-Closure-7-31-23\ER2\IMG_9955 4.png,84.2531982893466
./vignoles_output\Cluster-Closure-7-31-23\ER2\IMG_9956 2.png,90.87541893686488
./vignoles_output\Cluster-Closure-7-31-23\ER2\IMG_9956 4.png,90.87541893686488
./vignoles_output\Cluster-Closure-7-31-23\ER2\IMG_9957 2.png,91.81423775142773
./vignoles_output\Cluster-Closure-7-31-23\ER2\IMG_9957 4.png,91.81423775142773
./vignoles_output\Cluster-Closure-7-31-23\ER2\IMG_9958 2.png,85.0803197436382
./vignoles_output\Cluster-Closure-7-31-23\ER2\IMG_9958 4.png,85.0803197436382
./vignoles_output\Cluster-Closure-7-31-23\ER2\IMG_9959 2.png,94.71229174540187
./vignoles_output\Cluster-Closure-7-31-23\ER2\IMG_9959 4.png,94.71229174540187
./vignoles_output\Cluster-Closure-7-31-23\ER2\IMG_9960 2.png,83.47946093946838
./vignoles_output\Cluster-Closure-7-31-23\ER2\IMG_9960 4.png,83.47946093946838
./vignoles_output\Cluster-Closure-7-31-23\ER2\IMG_9961 2.png,84.95358888154027
./vignoles_output\Cluster-Closure-7-31-23\ER2\IMG_9961 4.png,84.95358888154027
./vignoles_output\Cluster-Closure-7-31-23\ER2\IMG_9962 2.png,90.52718791992106
./vignoles_output\Cluster-Closure-7-31-23\ER2\IMG_9962 4.png,90.52718791992106
./vignoles_output\Cluster-Closure-7-31-23\ER3\IMG_9933 2.png,94.60740169910557
./vignoles_output\Cluster-Closure-7-31-23\ER3\IMG_9933 4.png,94.60740169910557
./vignoles_output\Cluster-Closure-7-31-23\ER3\IMG_9934 2.png,90.42990894274377
./vignoles_output\Cluster-Closure-7-31-23\ER3\IMG_9934 4.png,90.42990894274377
./vignoles_output\Cluster-Closure-7-31-23\ER3\IMG_9935 2.png,90.15874000062988
./vignoles_output\Cluster-Closure-7-31-23\ER3\IMG_9935 4.png,90.15874000062988
./vignoles_output\Cluster-Closure-7-31-23\ER3\IMG_9936 2.png,89.14817373708743
./vignoles_output\Cluster-Closure-7-31-23\ER3\IMG_9936 4.png,89.14817373708743
./vignoles_output\Cluster-Closure-7-31-23\ER3\IMG_9937 2.png,79.53352347883597
./vignoles_output\Cluster-Closure-7-31-23\ER3\IMG_9937 4.png,79.53352347883597
./vignoles_output\Cluster-Closure-7-31-23\ER3\IMG_9938 2.png,83.50356539220627
./vignoles_output\Cluster-Closure-7-31-23\ER3\IMG_9938 4.png,83.50356539220627
./vignoles_output\Cluster-Closure-7-31-23\ER3\IMG_9939 2.png,90.08397436906861
./vignoles_output\Cluster-Closure-7-31-23\ER3\IMG_9939 4.png,90.08397436906861
./vignoles_output\Cluster-Closure-7-31-23\ER3\IMG_9940 2.png,90.66525336986646
./vignoles_output\Cluster-Closure-7-31-23\ER3\IMG_9940 4.png,90.66525336986646
./vignoles_output\Cluster-Closure-7-31-23\ER3\IMG_9941 2.png,92.37985993008314
./vignoles_output\Cluster-Closure-7-31-23\ER3\IMG_9941 4.png,92.37985993008314
./vignoles_output\Cluster-Closure-7-31-23\ER3\IMG_9942 2.png,82.92664963361888
./vignoles_output\Cluster-Closure-7-31-23\ER3\IMG_9942 4.png,82.92664963361888
./vignoles_output\Cluster-Closure-7-31-23\ER3\IMG_9943 2.png,92.00689293850256
./vignoles_output\Cluster-Closure-7-31-23\ER3\IMG_9943 4.png,92.00689293850256
./vignoles_output\Cluster-Closure-7-31-23\ER3\IMG_9944 2.png,87.78053515001679
./vignoles_output\Cluster-Closure-7-31-23\ER3\IMG_9944 4.png,87.78053515001679
./vignoles_output\Cluster-Closure-7-31-23\ER3\IMG_9945 2.png,90.88477694318469
./vignoles_output\Cluster-Closure-7-31-23\ER3\IMG_9945 4.png,90.88477694318469
./vignoles_output\Cluster-Closure-7-31-23\ER3\IMG_9946 2.png,87.59496613074242
./vignoles_output\Cluster-Closure-7-31-23\ER3\IMG_9946 4.png,87.59496613074242
./vignoles_output\Cluster-Closure-7-31-23\ER3\IMG_9947 2.png,90.51206420068027
./vignoles_output\Cluster-Closure-7-31-23\ER3\IMG_9947 4.png,90.51206420068027
./vignoles_output\Cluster-Closure-7-31-23\ER3\IMG_9948 2.png,91.44411670918367
./vignoles_output\Cluster-Closure-7-31-23\ER3\IMG_9948 4.png,91.44411670918367
./vignoles_output\Cluster-Closure-7-31-23\ER4\IMG_9898 2.png,93.75237845909969
./vignoles_output\Cluster-Closure-7-31-23\ER4\IMG_9898 4.png,93.75237845909969
./vignoles_output\Cluster-Closure-7-31-23\ER4\IMG_9899 2.png,90.35153461461746
./vignoles_output\Cluster-Closure-7-31-23\ER4\IMG_9899 4.png,90.35153461461746
./vignoles_output\Cluster-Closure-7-31-23\ER4\IMG_9900 2.png,91.69070550673973
./vignoles_output\Cluster-Closure-7-31-23\ER4\IMG_9900 4.png,91.69070550673973
./vignoles_output\Cluster-Closure-7-31-23\ER4\IMG_9901 2.png,88.53978030255311
./vignoles_output\Cluster-Closure-7-31-23\ER4\IMG_9901 4.png,88.53978030255311
./vignoles_output\Cluster-Closure-7-31-23\ER4\IMG_9902 2.png,86.26006006183337
./vignoles_output\Cluster-Closure-7-31-23\ER4\IMG_9902 4.png,86.26006006183337
./vignoles_output\Cluster-Closure-7-31-23\ER4\IMG_9903 2.png,85.90111777735785
./vignoles_output\Cluster-Closure-7-31-23\ER4\IMG_9903 4.png,85.90111777735785
./vignoles_output\Cluster-Closure-7-31-23\ER4\IMG_9904 2.png,91.40003320000841
./vignoles_output\Cluster-Closure-7-31-23\ER4\IMG_9904 4.png,91.40003320000841
./vignoles_output\Cluster-Closure-7-31-23\ER4\IMG_9905 2.png,87.6339154488956
./vignoles_output\Cluster-Closure-7-31-23\ER4\IMG_9906 2.png,93.01134902263375
./vignoles_output\Cluster-Closure-7-31-23\ER4\IMG_9905 4.png,87.6339154488956
./vignoles_output\Cluster-Closure-7-31-23\ER4\IMG_9906 4.png,93.01134902263375
./vignoles_output\Cluster-Closure-7-31-23\ER4\IMG_9907 2.png,97.0230631797472
./vignoles_output\Cluster-Closure-7-31-23\ER4\IMG_9907 4.png,97.0230631797472
./vignoles_output\Cluster-Closure-7-31-23\ER4\IMG_9908 2.png,90.99722064751826
./vignoles_output\Cluster-Closure-7-31-23\ER4\IMG_9908 4.png,90.99722064751826
./vignoles_output\Cluster-Closure-7-31-23\ER4\IMG_9909 2.png,91.03781848387503
./vignoles_output\Cluster-Closure-7-31-23\ER4\IMG_9909 4.png,91.03781848387503
./vignoles_output\Cluster-Closure-7-31-23\ER4\IMG_9910 2.png,79.54074907354918
./vignoles_output\Cluster-Closure-7-31-23\ER4\IMG_9910 4.png,79.54074907354918
./vignoles_output\Cluster-Closure-7-31-23\ER4\IMG_9911 2.png,81.19915838634837
./vignoles_output\Cluster-Closure-7-31-23\ER4\IMG_9911 4.png,81.19915838634837
./vignoles_output\Cluster-Closure-7-31-23\ER4\IMG_9912 4.png,88.88382851211473
./vignoles_output\Cluster-Closure-7-31-23\ER4\IMG_9912 2.png,88.88382851211473
./vignoles_output\Cluster-Closure-7-31-23\ER4\IMG_9913 2.png,90.8862368249769
./vignoles_output\Cluster-Closure-7-31-23\ER4\IMG_9913 4.png,90.8862368249769
./vignoles_output\Cluster-Closure-8-3-23\CR1\IMG_0090 2.png,96.33077575165869
./vignoles_output\Cluster-Closure-8-3-23\CR1\IMG_0091 2.png,88.21010946816999
./vignoles_output\Cluster-Closure-8-3-23\CR1\IMG_0091.png,88.21010946816999
./vignoles_output\Cluster-Closure-8-3-23\CR1\IMG_0092 2.png,91.0811884553204
./vignoles_output\Cluster-Closure-8-3-23\CR1\IMG_0092.png,91.0811884553204
./vignoles_output\Cluster-Closure-8-3-23\CR1\IMG_0090.png,96.33077575165869
./vignoles_output\Cluster-Closure-8-3-23\CR1\IMG_0093 2.png,92.88330590723945
./vignoles_output\Cluster-Closure-8-3-23\CR1\IMG_0093.png,92.88330590723945
./vignoles_output\Cluster-Closure-8-3-23\CR1\IMG_0094 2.png,89.94221000514403
./vignoles_output\Cluster-Closure-8-3-23\CR1\IMG_0094.png,89.94221000514403
./vignoles_output\Cluster-Closure-8-3-23\CR1\IMG_0095 2.png,88.50927041341228
./vignoles_output\Cluster-Closure-8-3-23\CR1\IMG_0095.png,88.50927041341228
./vignoles_output\Cluster-Closure-8-3-23\CR1\IMG_0096 2.png,93.11906861510036
./vignoles_output\Cluster-Closure-8-3-23\CR1\IMG_0096.png,93.11906861510036
./vignoles_output\Cluster-Closure-8-3-23\CR1\IMG_0097 2.png,91.76902242378434
./vignoles_output\Cluster-Closure-8-3-23\CR1\IMG_0097.png,91.76902242378434
./vignoles_output\Cluster-Closure-8-3-23\CR1\IMG_0098 2.png,95.0436849122365
./vignoles_output\Cluster-Closure-8-3-23\CR1\IMG_0098.png,95.0436849122365
./vignoles_output\Cluster-Closure-8-3-23\CR1\IMG_0099 2.png,96.23997602513228
./vignoles_output\Cluster-Closure-8-3-23\CR1\IMG_0099.png,96.23997602513228
./vignoles_output\Cluster-Closure-8-3-23\CR1\IMG_0100 2.png,95.14102950207861
./vignoles_output\Cluster-Closure-8-3-23\CR1\IMG_0100.png,95.14102950207861
./vignoles_output\Cluster-Closure-8-3-23\CR1\IMG_0101 2.png,91.25142051419333
./vignoles_output\Cluster-Closure-8-3-23\CR1\IMG_0101.png,91.25142051419333
./vignoles_output\Cluster-Closure-8-3-23\CR1\IMG_0102 2.png,97.95884740856219
./vignoles_output\Cluster-Closure-8-3-23\CR1\IMG_0102.png,97.95884740856219
./vignoles_output\Cluster-Closure-8-3-23\CR1\IMG_0103 2.png,95.04942602040816
./vignoles_output\Cluster-Closure-8-3-23\CR1\IMG_0103.png,95.04942602040816
./vignoles_output\Cluster-Closure-8-3-23\CR1\IMG_0104 2.png,94.62876682308726
./vignoles_output\Cluster-Closure-8-3-23\CR1\IMG_0104.png,94.62876682308726
./vignoles_output\Cluster-Closure-8-3-23\CR1\IMG_0105 2.png,85.94626749233643
./vignoles_output\Cluster-Closure-8-3-23\CR1\IMG_0105.png,85.94626749233643
./vignoles_output\Cluster-Closure-8-3-23\CR1\IMG_0106 2.png,95.77431474132862
./vignoles_output\Cluster-Closure-8-3-23\CR1\IMG_0106.png,95.77431474132862
./vignoles_output\Cluster-Closure-8-3-23\CR2\IMG_0054 2.png,92.28743629010246
./vignoles_output\Cluster-Closure-8-3-23\CR2\IMG_0054.png,92.28743629010246
./vignoles_output\Cluster-Closure-8-3-23\CR2\IMG_0055 2.png,91.98619214275216
./vignoles_output\Cluster-Closure-8-3-23\CR2\IMG_0055.png,91.98619214275216
./vignoles_output\Cluster-Closure-8-3-23\CR2\IMG_0056 2.png,87.2512459845049
./vignoles_output\Cluster-Closure-8-3-23\CR2\IMG_0056.png,87.2512459845049
./vignoles_output\Cluster-Closure-8-3-23\CR2\IMG_0057 2.png,86.13423137387672
./vignoles_output\Cluster-Closure-8-3-23\CR2\IMG_0057.png,86.13423137387672
./vignoles_output\Cluster-Closure-8-3-23\CR2\IMG_0058 2.png,86.23997438481565
./vignoles_output\Cluster-Closure-8-3-23\CR2\IMG_0058.png,86.23997438481565
./vignoles_output\Cluster-Closure-8-3-23\CR2\IMG_0059 2.png,83.17528062536744
./vignoles_output\Cluster-Closure-8-3-23\CR2\IMG_0059.png,83.17528062536744
./vignoles_output\Cluster-Closure-8-3-23\CR2\IMG_0060 2.png,90.86770944874864
./vignoles_output\Cluster-Closure-8-3-23\CR2\IMG_0060.png,90.86770944874864
./vignoles_output\Cluster-Closure-8-3-23\CR2\IMG_0061 2.png,90.2309057303477
./vignoles_output\Cluster-Closure-8-3-23\CR2\IMG_0061.png,90.2309057303477
./vignoles_output\Cluster-Closure-8-3-23\CR2\IMG_0062 2.png,89.17366425736961
./vignoles_output\Cluster-Closure-8-3-23\CR2\IMG_0062.png,89.17366425736961
./vignoles_output\Cluster-Closure-8-3-23\CR2\IMG_0063 2.png,93.8328031830016
./vignoles_output\Cluster-Closure-8-3-23\CR2\IMG_0064 2.png,85.56877322688334
./vignoles_output\Cluster-Closure-8-3-23\CR2\IMG_0063.png,93.8328031830016
./vignoles_output\Cluster-Closure-8-3-23\CR2\IMG_0064.png,85.56877322688334
./vignoles_output\Cluster-Closure-8-3-23\CR2\IMG_0065 2.png,97.53043771520954
./vignoles_output\Cluster-Closure-8-3-23\CR2\IMG_0065.png,97.53043771520954
./vignoles_output\Cluster-Closure-8-3-23\CR2\IMG_0066 2.png,94.7990152851264
./vignoles_output\Cluster-Closure-8-3-23\CR2\IMG_0066.png,94.7990152851264
./vignoles_output\Cluster-Closure-8-3-23\CR2\IMG_0067 2.png,95.06017009427228
./vignoles_output\Cluster-Closure-8-3-23\CR2\IMG_0068 2.png,91.20520459341144
./vignoles_output\Cluster-Closure-8-3-23\CR2\IMG_0067.png,95.06017009427228
./vignoles_output\Cluster-Closure-8-3-23\CR2\IMG_0068.png,91.20520459341144
./vignoles_output\Cluster-Closure-8-3-23\CR2\IMG_0069 2.png,88.14992625136475
./vignoles_output\Cluster-Closure-8-3-23\CR2\IMG_0069.png,88.14992625136475
./vignoles_output\Cluster-Closure-8-3-23\CR2\IMG_0070 2.png,91.83196137251197
./vignoles_output\Cluster-Closure-8-3-23\CR2\IMG_0070.png,91.83196137251197
./vignoles_output\Cluster-Closure-8-3-23\CR2\IMG_0071 2.png,91.8496357840976
./vignoles_output\Cluster-Closure-8-3-23\CR2\IMG_0071.png,91.8496357840976
./vignoles_output\Cluster-Closure-8-3-23\CR2\IMG_0072 2.png,86.67382172776517
./vignoles_output\Cluster-Closure-8-3-23\CR2\IMG_0072.png,86.67382172776517
./vignoles_output\Cluster-Closure-8-3-23\CR2\IMG_0073 2.png,95.00834429064837
./vignoles_output\Cluster-Closure-8-3-23\CR2\IMG_0073.png,95.00834429064837
./vignoles_output\Cluster-Closure-8-3-23\CR3\IMG_0006 2.png,91.5594883786848
./vignoles_output\Cluster-Closure-8-3-23\CR3\IMG_0007.png,95.62290531567565
./vignoles_output\Cluster-Closure-8-3-23\CR3\IMG_0008.png,86.72085780685731
./vignoles_output\Cluster-Closure-8-3-23\CR3\IMG_0009 2.png,94.88067844807676
./vignoles_output\Cluster-Closure-8-3-23\CR3\IMG_0010.png,93.97786458333334
./vignoles_output\Cluster-Closure-8-3-23\CR3\IMG_0011 2.png,84.87092512545141
./vignoles_output\Cluster-Closure-8-3-23\CR3\IMG_0012.png,87.41736084866045
./vignoles_output\Cluster-Closure-8-3-23\CR3\IMG_0013 2.png,94.82889365236835
./vignoles_output\Cluster-Closure-8-3-23\CR3\IMG_0014.png,88.38855131172839
./vignoles_output\Cluster-Closure-8-3-23\CR3\IMG_0015.png,89.47749190339717
./vignoles_output\Cluster-Closure-8-3-23\CR3\IMG_0016 2.png,91.81162964800119
./vignoles_output\Cluster-Closure-8-3-23\CR3\IMG_0017.png,90.63793389655245
./vignoles_output\Cluster-Closure-8-3-23\CR3\IMG_0018.png,92.89569029772403
./vignoles_output\Cluster-Closure-8-3-23\CR3\IMG_0019.png,94.08938971035946
./vignoles_output\Cluster-Closure-8-3-23\CR3\IMG_0020.png,91.53088945840682
./vignoles_output\Cluster-Closure-8-3-23\CR3\IMG_0021.png,91.28426785451835
./vignoles_output\Cluster-Closure-8-3-23\CR3\IMG_0022 2.png,88.65366748551273
./vignoles_output\Cluster-Closure-8-3-23\ER1\IMG_0107 2.png,100.0
./vignoles_output\Cluster-Closure-8-3-23\ER1\IMG_0107.png,100.0
./vignoles_output\Cluster-Closure-8-3-23\ER1\IMG_0108 2.png,91.68273356796422
./vignoles_output\Cluster-Closure-8-3-23\ER1\IMG_0108.png,91.68273356796422
./vignoles_output\Cluster-Closure-8-3-23\ER1\IMG_0109 2.png,99.57509238263206
./vignoles_output\Cluster-Closure-8-3-23\ER1\IMG_0109.png,99.57509238263206
./vignoles_output\Cluster-Closure-8-3-23\ER1\IMG_0110 2.png,92.13838892038297
./vignoles_output\Cluster-Closure-8-3-23\ER1\IMG_0110.png,92.13838892038297
./vignoles_output\Cluster-Closure-8-3-23\ER1\IMG_0111 2.png,98.52393648431594
./vignoles_output\Cluster-Closure-8-3-23\ER1\IMG_0111.png,98.52393648431594
./vignoles_output\Cluster-Closure-8-3-23\ER1\IMG_0112.png,99.9806770702108
./vignoles_output\Cluster-Closure-8-3-23\ER1\IMG_0113 2.png,94.91887322058453
./vignoles_output\Cluster-Closure-8-3-23\ER1\IMG_0113.png,94.91887322058453
./vignoles_output\Cluster-Closure-8-3-23\ER1\IMG_0114 2.png,99.95922172881498
./vignoles_output\Cluster-Closure-8-3-23\ER1\IMG_0114.png,99.95922172881498
./vignoles_output\Cluster-Closure-8-3-23\ER1\IMG_0115.png,98.28490134479718
./vignoles_output\Cluster-Closure-8-3-23\ER1\IMG_0115 2.png,98.28490134479718
./vignoles_output\Cluster-Closure-8-3-23\ER1\IMG_0116 2.png,97.88033365352314
./vignoles_output\Cluster-Closure-8-3-23\ER1\IMG_0117 2.png,96.07400058788947
./vignoles_output\Cluster-Closure-8-3-23\ER1\IMG_0116.png,97.88033365352314
./vignoles_output\Cluster-Closure-8-3-23\ER1\IMG_0118 2.png,93.755527867011
./vignoles_output\Cluster-Closure-8-3-23\ER1\IMG_0117.png,96.07400058788947
./vignoles_output\Cluster-Closure-8-3-23\ER1\IMG_0118.png,93.755527867011
./vignoles_output\Cluster-Closure-8-3-23\ER1\IMG_0119 2.png,100.0
./vignoles_output\Cluster-Closure-8-3-23\ER1\IMG_0119.png,100.0
./vignoles_output\Cluster-Closure-8-3-23\ER1\IMG_0120 2.png,92.956652664924
./vignoles_output\Cluster-Closure-8-3-23\ER1\IMG_0120.png,92.956652664924
./vignoles_output\Cluster-Closure-8-3-23\ER1\IMG_0121 2.png,99.22780454774502
./vignoles_output\Cluster-Closure-8-3-23\ER1\IMG_0121.png,99.22780454774502
./vignoles_output\Cluster-Closure-8-3-23\ER1\IMG_0122.png,95.17513988620139
./vignoles_output\Cluster-Closure-8-3-23\ER1\IMG_0122 2.png,95.17513988620139
./vignoles_output\Cluster-Closure-8-3-23\ER1\IMG_0112 2.png,99.9806770702108
./vignoles_output\Cluster-Closure-8-3-23\ER2\IMG_0074 2.png,95.30920296359284
./vignoles_output\Cluster-Closure-8-3-23\ER2\IMG_0074.png,95.30920296359284
./vignoles_output\Cluster-Closure-8-3-23\ER2\IMG_0075.png,91.77806056836314
./vignoles_output\Cluster-Closure-8-3-23\ER2\IMG_0075 2.png,91.77806056836314
./vignoles_output\Cluster-Closure-8-3-23\ER2\IMG_0076.png,93.47450882359117
./vignoles_output\Cluster-Closure-8-3-23\ER2\IMG_0076 2.png,93.47450882359117
./vignoles_output\Cluster-Closure-8-3-23\ER2\IMG_0077 2.png,92.09033584498614
./vignoles_output\Cluster-Closure-8-3-23\ER2\IMG_0077.png,92.09033584498614
./vignoles_output\Cluster-Closure-8-3-23\ER2\IMG_0078 2.png,92.53202390138155
./vignoles_output\Cluster-Closure-8-3-23\ER2\IMG_0078.png,92.53202390138155
./vignoles_output\Cluster-Closure-8-3-23\ER2\IMG_0079 2.png,92.8514263537205
./vignoles_output\Cluster-Closure-8-3-23\ER2\IMG_0079.png,92.8514263537205
./vignoles_output\Cluster-Closure-8-3-23\ER2\IMG_0080 2.png,96.07359050873437
./vignoles_output\Cluster-Closure-8-3-23\ER2\IMG_0080.png,96.07359050873437
./vignoles_output\Cluster-Closure-8-3-23\ER2\IMG_0081 2.png,77.43541089275216
./vignoles_output\Cluster-Closure-8-3-23\ER2\IMG_0081.png,77.43541089275216
./vignoles_output\Cluster-Closure-8-3-23\ER2\IMG_0082 2.png,88.30592856355504
./vignoles_output\Cluster-Closure-8-3-23\ER2\IMG_0082.png,88.30592856355504
./vignoles_output\Cluster-Closure-8-3-23\ER2\IMG_0083 2.png,91.99473819234484
./vignoles_output\Cluster-Closure-8-3-23\ER2\IMG_0083.png,91.99473819234484
./vignoles_output\Cluster-Closure-8-3-23\ER2\IMG_0084 2.png,92.05685698276224
./vignoles_output\Cluster-Closure-8-3-23\ER2\IMG_0084.png,92.05685698276224
./vignoles_output\Cluster-Closure-8-3-23\ER2\IMG_0085 2.png,82.97585913223314
./vignoles_output\Cluster-Closure-8-3-23\ER2\IMG_0085.png,82.97585913223314
./vignoles_output\Cluster-Closure-8-3-23\ER2\IMG_0086 2.png,94.0898982085118
./vignoles_output\Cluster-Closure-8-3-23\ER2\IMG_0086.png,94.0898982085118
./vignoles_output\Cluster-Closure-8-3-23\ER2\IMG_0087 2.png,86.05759578136811
./vignoles_output\Cluster-Closure-8-3-23\ER2\IMG_0087.png,86.05759578136811
./vignoles_output\Cluster-Closure-8-3-23\ER2\IMG_0088 2.png,95.87895053854876
./vignoles_output\Cluster-Closure-8-3-23\ER2\IMG_0088.png,95.87895053854876
./vignoles_output\Cluster-Closure-8-3-23\ER2\IMG_0089 2.png,95.51546457703452
./vignoles_output\Cluster-Closure-8-3-23\ER2\IMG_0089.png,95.51546457703452
./vignoles_output\Cluster-Closure-8-3-23\ER3\IMG_0038 2.png,90.07780677857563
./vignoles_output\Cluster-Closure-8-3-23\ER3\IMG_0038.png,90.07780677857563
./vignoles_output\Cluster-Closure-8-3-23\ER3\IMG_0039 2.png,90.61544515568573
./vignoles_output\Cluster-Closure-8-3-23\ER3\IMG_0039.png,90.61544515568573
./vignoles_output\Cluster-Closure-8-3-23\ER3\IMG_0040 2.png,80.78213249034182
./vignoles_output\Cluster-Closure-8-3-23\ER3\IMG_0040.png,80.78213249034182
./vignoles_output\Cluster-Closure-8-3-23\ER3\IMG_0041.png,88.49134995433359
./vignoles_output\Cluster-Closure-8-3-23\ER3\IMG_0041 2.png,88.49134995433359
./vignoles_output\Cluster-Closure-8-3-23\ER3\IMG_0042 2.png,87.13986848597463
./vignoles_output\Cluster-Closure-8-3-23\ER3\IMG_0042.png,87.13986848597463
./vignoles_output\Cluster-Closure-8-3-23\ER3\IMG_0043 2.png,92.34162414965986
./vignoles_output\Cluster-Closure-8-3-23\ER3\IMG_0043.png,92.34162414965986
./vignoles_output\Cluster-Closure-8-3-23\ER3\IMG_0044 2.png,89.49037659045099
./vignoles_output\Cluster-Closure-8-3-23\ER3\IMG_0044.png,89.49037659045099
./vignoles_output\Cluster-Closure-8-3-23\ER3\IMG_0045.png,86.67768467340639
./vignoles_output\Cluster-Closure-8-3-23\ER3\IMG_0045 2.png,86.67768467340639
./vignoles_output\Cluster-Closure-8-3-23\ER3\IMG_0046 2.png,85.21847541099773
./vignoles_output\Cluster-Closure-8-3-23\ER3\IMG_0046.png,85.21847541099773
./vignoles_output\Cluster-Closure-8-3-23\ER3\IMG_0047 2.png,94.63979795235996
./vignoles_output\Cluster-Closure-8-3-23\ER3\IMG_0047.png,94.63979795235996
./vignoles_output\Cluster-Closure-8-3-23\ER3\IMG_0048 2.png,97.15157378537836
./vignoles_output\Cluster-Closure-8-3-23\ER3\IMG_0048.png,97.15157378537836
./vignoles_output\Cluster-Closure-8-3-23\ER3\IMG_0049 2.png,93.47144143151087
./vignoles_output\Cluster-Closure-8-3-23\ER3\IMG_0049.png,93.47144143151087
./vignoles_output\Cluster-Closure-8-3-23\ER3\IMG_0050 2.png,89.6225697068951
./vignoles_output\Cluster-Closure-8-3-23\ER3\IMG_0050.png,89.6225697068951
./vignoles_output\Cluster-Closure-8-3-23\ER3\IMG_0051 2.png,94.57628489281515
./vignoles_output\Cluster-Closure-8-3-23\ER3\IMG_0051.png,94.57628489281515
./vignoles_output\Cluster-Closure-8-3-23\ER3\IMG_0052 2.png,90.8402669516881
./vignoles_output\Cluster-Closure-8-3-23\ER3\IMG_0052.png,90.8402669516881
./vignoles_output\Cluster-Closure-8-3-23\ER3\IMG_0053 2.png,91.94671792328042
./vignoles_output\Cluster-Closure-8-3-23\ER3\IMG_0053.png,91.94671792328042
./vignoles_output\Cluster-Closure-8-3-23\ER4\IMG_0023.png,90.93575798374906
./vignoles_output\Cluster-Closure-8-3-23\ER4\IMG_0024.png,90.02644026360545
./vignoles_output\Cluster-Closure-8-3-23\ER4\IMG_0026.png,88.99264711671707
./vignoles_output\Cluster-Closure-8-3-23\ER4\IMG_0025.png,87.74518632684554
./vignoles_output\Cluster-Closure-8-3-23\ER4\IMG_0027 2.png,89.4272244005627
./vignoles_output\Cluster-Closure-8-3-23\ER4\IMG_0028.png,93.31498803224993
./vignoles_output\Cluster-Closure-8-3-23\ER4\IMG_0029.png,98.37310116948014
./vignoles_output\Cluster-Closure-8-3-23\ER4\IMG_0030 2.png,92.00193918230872
./vignoles_output\Cluster-Closure-8-3-23\ER4\IMG_0030.png,92.00193918230872
./vignoles_output\Cluster-Closure-8-3-23\ER4\IMG_0031 2.png,92.05511004556143
./vignoles_output\Cluster-Closure-8-3-23\ER4\IMG_0032.png,96.02693170246494
./vignoles_output\Cluster-Closure-8-3-23\ER4\IMG_0033 2.png,96.51760781473084
./vignoles_output\Cluster-Closure-8-3-23\ER4\IMG_0033.png,96.51760781473084
./vignoles_output\Cluster-Closure-8-3-23\ER4\IMG_0034 2.png,83.22613044060216
./vignoles_output\Cluster-Closure-8-3-23\ER4\IMG_0035.png,92.90611450984714
./vignoles_output\Cluster-Closure-8-3-23\ER4\IMG_0036 2.png,91.41841294774082
./vignoles_output\Cluster-Closure-8-3-23\ER4\IMG_0037 2.png,89.54473668325355
./vignoles_output\Cluster-Closure-8-3-23\ER4\IMG_0036.png,91.41841294774082
./vignoles_output\Cluster-Closure-8-31-23\CR1\20230831_115127.png,95.96114999999999
./vignoles_output\Cluster-Closure-8-31-23\CR1\20230831_115136.png,88.84025833333334
./vignoles_output\Cluster-Closure-8-31-23\CR1\20230831_115145.png,96.57615
./vignoles_output\Cluster-Closure-8-31-23\CR1\20230831_115153.png,95.298675
./vignoles_output\Cluster-Closure-8-31-23\CR1\20230831_115206.png,100.0
./vignoles_output\Cluster-Closure-8-31-23\CR1\20230831_115211.png,97.01960833333332
./vignoles_output\Cluster-Closure-8-31-23\CR1\20230831_115223.png,94.01779166666667
./vignoles_output\Cluster-Closure-8-31-23\CR1\20230831_115233.png,97.190025
./vignoles_output\Cluster-Closure-8-31-23\CR1\20230831_115242.png,93.767725
./vignoles_output\Cluster-Closure-8-31-23\CR1\20230831_115252.png,95.0898
./vignoles_output\Cluster-Closure-8-31-23\CR1\20230831_115302.png,96.33030000000001
./vignoles_output\Cluster-Closure-8-31-23\CR1\20230831_115315.png,95.932875
./vignoles_output\Cluster-Closure-8-31-23\CR1\20230831_115323.png,96.84694166666667
./vignoles_output\Cluster-Closure-8-31-23\CR1\20230831_115329.png,99.94355
./vignoles_output\Cluster-Closure-8-31-23\CR1\20230831_115340.png,94.03688333333334
./vignoles_output\Cluster-Closure-8-31-23\CR2\20230831_114643.png,89.29161666666666
./vignoles_output\Cluster-Closure-8-31-23\CR2\20230831_114653.png,88.94544166666667
./vignoles_output\Cluster-Closure-8-31-23\CR2\20230831_114722.png,93.14610833333333
./vignoles_output\Cluster-Closure-8-31-23\CR2\20230831_114734.png,96.43595
./vignoles_output\Cluster-Closure-8-31-23\CR2\20230831_114754.png,94.02616666666667
./vignoles_output\Cluster-Closure-8-31-23\CR2\20230831_114816.png,94.50884166666667
./vignoles_output\Cluster-Closure-8-31-23\CR2\20230831_114841.png,84.48685
./vignoles_output\Cluster-Closure-8-31-23\CR2\20230831_114828.png,91.72383333333333
./vignoles_output\Cluster-Closure-8-31-23\CR2\20230831_114846.png,94.37669166666667
./vignoles_output\Cluster-Closure-8-31-23\CR2\20230831_114854.png,95.06271666666667
./vignoles_output\Cluster-Closure-8-31-23\CR2\20230831_114902.png,88.60364166666666
./vignoles_output\Cluster-Closure-8-31-23\CR2\20230831_114923.png,95.2657
./vignoles_output\Cluster-Closure-8-31-23\CR2\20230831_114937.png,95.37600833333333
./vignoles_output\Cluster-Closure-8-31-23\CR2\20230831_115001.png,99.08825833333333
./vignoles_output\Cluster-Closure-8-31-23\CR2\20230831_115010.png,93.44651666666667
./vignoles_output\Cluster-Closure-8-31-23\CR3\20230831_113543.png,89.85095833333332
./vignoles_output\Cluster-Closure-8-31-23\CR3\20230831_113605.png,87.21407500000001
./vignoles_output\Cluster-Closure-8-31-23\CR3\20230831_113613.png,88.49979166666667
./vignoles_output\Cluster-Closure-8-31-23\CR3\20230831_113629.png,88.07545
./vignoles_output\Cluster-Closure-8-31-23\CR3\20230831_113643.png,87.64737500000001
./vignoles_output\Cluster-Closure-8-31-23\CR3\20230831_113655.png,91.08775
./vignoles_output\Cluster-Closure-8-31-23\CR3\20230831_113708.png,88.48425
./vignoles_output\Cluster-Closure-8-31-23\CR3\20230831_113736.png,93.7853
./vignoles_output\Cluster-Closure-8-31-23\CR3\20230831_113740.png,91.943625
./vignoles_output\Cluster-Closure-8-31-23\CR3\20230831_113746.png,91.41898333333333
./vignoles_output\Cluster-Closure-8-31-23\CR3\20230831_113753.png,94.92949166666666
./vignoles_output\Cluster-Closure-8-31-23\CR3\20230831_113805.png,92.422725
./vignoles_output\Cluster-Closure-8-31-23\CR3\20230831_113830.png,86.98880833333334
./vignoles_output\Cluster-Closure-8-31-23\CR3\20230831_113820.png,89.069125
./vignoles_output\Cluster-Closure-8-31-23\CR3\20230831_113850.png,90.68723333333332
./vignoles_output\Cluster-Closure-8-31-23\CR3\20230831_113900.png,85.531775
./vignoles_output\Cluster-Closure-8-31-23\ER1\20230831_115359.png,99.89481666666666
./vignoles_output\Cluster-Closure-8-31-23\ER1\20230831_115402.png,100.0
./vignoles_output\Cluster-Closure-8-31-23\ER1\20230831_115406.png,97.31404166666667
./vignoles_output\Cluster-Closure-8-31-23\ER1\20230831_115411.png,100.0
./vignoles_output\Cluster-Closure-8-31-23\ER1\20230831_115417.png,100.0
./vignoles_output\Cluster-Closure-8-31-23\ER1\20230831_115425.png,99.68201666666666
./vignoles_output\Cluster-Closure-8-31-23\ER1\20230831_115439.png,99.18033333333334
./vignoles_output\Cluster-Closure-8-31-23\ER1\20230831_115447.png,98.86695833333333
./vignoles_output\Cluster-Closure-8-31-23\ER1\20230831_115503.png,100.0
./vignoles_output\Cluster-Closure-8-31-23\ER1\20230831_115542.png,94.53897500000001
./vignoles_output\Cluster-Closure-8-31-23\ER1\20230831_115552.png,100.0
./vignoles_output\Cluster-Closure-8-31-23\ER1\20230831_115601.png,92.70315833333333
./vignoles_output\Cluster-Closure-8-31-23\ER2\20230831_120033.png,98.59472500000001
./vignoles_output\Cluster-Closure-8-31-23\ER2\20230831_120035.png,98.847925
./vignoles_output\Cluster-Closure-8-31-23\ER2\20230831_120042.png,89.123275
./vignoles_output\Cluster-Closure-8-31-23\ER2\20230831_120054.png,90.68874166666666
./vignoles_output\Cluster-Closure-8-31-23\ER2\20230831_120105.png,92.64177500000001
./vignoles_output\Cluster-Closure-8-31-23\ER2\20230831_120117.png,93.04325833333334
./vignoles_output\Cluster-Closure-8-31-23\ER2\20230831_120129.png,97.14931666666666
./vignoles_output\Cluster-Closure-8-31-23\ER2\20230831_120140.png,87.46423333333333
./vignoles_output\Cluster-Closure-8-31-23\ER2\20230831_120152.png,92.02701666666667
./vignoles_output\Cluster-Closure-8-31-23\ER2\20230831_120159.png,93.22687499999999
./vignoles_output\Cluster-Closure-8-31-23\ER2\20230831_120205.png,93.01739166666667
./vignoles_output\Cluster-Closure-8-31-23\ER2\20230831_120211.png,94.98201666666667
./vignoles_output\Cluster-Closure-8-31-23\ER2\20230831_120220.png,88.31781666666667
./vignoles_output\Cluster-Closure-8-31-23\ER2\20230831_120247.png,82.86138333333334
./vignoles_output\Cluster-Closure-8-31-23\ER2\20230831_120422.png,92.97829166666666
./vignoles_output\Cluster-Closure-8-31-23\ER3\20230831_114245.png,83.24736666666666
./vignoles_output\Cluster-Closure-8-31-23\ER3\20230831_114256.png,88.28960000000001
./vignoles_output\Cluster-Closure-8-31-23\ER3\20230831_114301.png,100.0
./vignoles_output\Cluster-Closure-8-31-23\ER3\20230831_114319.png,100.0
./vignoles_output\Cluster-Closure-8-31-23\ER3\20230831_114328.png,91.16098333333333
./vignoles_output\Cluster-Closure-8-31-23\ER3\20230831_114336.png,89.03456666666668
./vignoles_output\Cluster-Closure-8-31-23\ER3\20230831_114346.png,91.76882499999999
./vignoles_output\Cluster-Closure-8-31-23\ER3\20230831_114403.png,88.24168333333333
./vignoles_output\Cluster-Closure-8-31-23\ER3\20230831_114408.png,94.55473333333333
./vignoles_output\Cluster-Closure-8-31-23\ER3\20230831_114415.png,90.47455
./vignoles_output\Cluster-Closure-8-31-23\ER3\20230831_114429.png,94.266025
./vignoles_output\Cluster-Closure-8-31-23\ER3\20230831_114437.png,87.24015833333333
./vignoles_output\Cluster-Closure-8-31-23\ER3\20230831_114448.png,93.66623333333334
./vignoles_output\Cluster-Closure-8-31-23\ER3\20230831_114457.png,88.72258333333333
./vignoles_output\Cluster-Closure-8-31-23\ER3\20230831_114523.png,95.02410833333333
./vignoles_output\Cluster-Closure-8-31-23\ER3\20230831_114537.png,88.58786666666667
./vignoles_output\Cluster-Closure-8-31-23\ER4\20230831_113923.png,84.070325
./vignoles_output\Cluster-Closure-8-31-23\ER4\20230831_113929.png,92.202725
./vignoles_output\Cluster-Closure-8-31-23\ER4\20230831_113938.png,92.236175
./vignoles_output\Cluster-Closure-8-31-23\ER4\20230831_113944.png,89.61314999999999
./vignoles_output\Cluster-Closure-8-31-23\ER4\20230831_113957.png,93.06849166666666
./vignoles_output\Cluster-Closure-8-31-23\ER4\20230831_114009.png,95.71289166666666
./vignoles_output\Cluster-Closure-8-31-23\ER4\20230831_114016.png,91.78123333333333
./vignoles_output\Cluster-Closure-8-31-23\ER4\20230831_114026.png,94.35040833333333
./vignoles_output\Cluster-Closure-8-31-23\ER4\20230831_114042.png,89.75578333333334
./vignoles_output\Cluster-Closure-8-31-23\ER4\20230831_114048.png,96.86255
./vignoles_output\Cluster-Closure-8-31-23\ER4\20230831_114053.png,88.70461666666667
./vignoles_output\Cluster-Closure-8-31-23\ER4\20230831_114103.png,88.574625
./vignoles_output\Cluster-Closure-8-31-23\ER4\20230831_114115.png,94.485975
./vignoles_output\Cluster-Closure-8-31-23\ER4\20230831_114132.png,94.62161666666667
./vignoles_output\Cluster-Closure-8-31-23\ER4\20230831_114147.png,87.61331666666666
./vignoles_output\Collection-2-7-14-23\CR1\IMG_9701.png,92.77831744194592
./vignoles_output\Collection-2-7-14-23\CR1\IMG_9702.png,86.10714974647267
./vignoles_output\Collection-2-7-14-23\CR1\IMG_9703.png,90.11798633419417
./vignoles_output\Collection-2-7-14-23\CR1\IMG_9704.png,85.5523700606786
./vignoles_output\Collection-2-7-14-23\CR1\IMG_9705.png,85.45592764497775
./vignoles_output\Collection-2-7-14-23\CR1\IMG_9706.png,90.69207254661123
./vignoles_output\Collection-2-7-14-23\CR1\IMG_9707.png,93.45491524155959
./vignoles_output\Collection-2-7-14-23\CR1\IMG_9708.png,87.64059973912404
./vignoles_output\Collection-2-7-14-23\CR1\IMG_9709.png,91.2123235675443
./vignoles_output\Collection-2-7-14-23\CR1\IMG_9710.png,92.36513808841438
./vignoles_output\Collection-2-7-14-23\CR1\IMG_9712.png,94.14104328073822
./vignoles_output\Collection-2-7-14-23\CR1\IMG_9711.png,91.87389606691441
./vignoles_output\Collection-2-7-14-23\CR1\IMG_9713.png,87.29492761610817
./vignoles_output\Collection-2-7-14-23\CR1\IMG_9715.png,91.92001356869909
./vignoles_output\Collection-2-7-14-23\CR1\IMG_9714.png,91.41645276937935
./vignoles_output\Collection-2-7-14-23\CR1\IMG_9716.png,91.7309506750231
./vignoles_output\Collection-2-7-14-23\CR1\IMG_9717.png,93.36899545697909
./vignoles_output\Collection-2-7-14-23\CR2\IMG_9686.png,87.91547579680021
./vignoles_output\Collection-2-7-14-23\CR2\IMG_9687.png,86.64633822278913
./vignoles_output\Collection-2-7-14-23\CR2\IMG_9688.png,92.1581957435752
./vignoles_output\Collection-2-7-14-23\CR2\IMG_9689.png,95.2676537435962
./vignoles_output\Collection-2-7-14-23\CR2\IMG_9691.png,93.09768708795247
./vignoles_output\Collection-2-7-14-23\CR2\IMG_9692.png,95.26155176576803
./vignoles_output\Collection-2-7-14-23\CR2\IMG_9690.png,84.16712267468715
./vignoles_output\Collection-2-7-14-23\CR2\IMG_9693.png,89.96733145418662
./vignoles_output\Collection-2-7-14-23\CR2\IMG_9694.png,88.42555685468632
./vignoles_output\Collection-2-7-14-23\CR2\IMG_9695.png,84.97480637702613
./vignoles_output\Collection-2-7-14-23\CR2\IMG_9697.png,90.68152531074159
./vignoles_output\Collection-2-7-14-23\CR2\IMG_9696.png,92.58074130500967
./vignoles_output\Collection-2-7-14-23\CR2\IMG_9698.png,92.1550463356639
./vignoles_output\Collection-2-7-14-23\CR2\IMG_9699.png,89.35126953945158
./vignoles_output\Collection-2-7-14-23\CR2\IMG_9700.png,91.71622063177122
./vignoles_output\Collection-2-7-14-23\CR2\IMG_9701.png,92.77831744194592
./vignoles_output\Collection-2-7-14-23\CR3\IMG_9670.png,85.59021216511296
./vignoles_output\Collection-2-7-14-23\CR3\IMG_9671.png,88.69972757621566
./vignoles_output\Collection-2-7-14-23\CR3\IMG_9672.png,92.86810837375073
./vignoles_output\Collection-2-7-14-23\CR3\IMG_9674.png,81.94320600539598
./vignoles_output\Collection-2-7-14-23\CR3\IMG_9673.png,83.79745271951373
./vignoles_output\Collection-2-7-14-23\CR3\IMG_9675.png,93.10942355337197
./vignoles_output\Collection-2-7-14-23\CR3\IMG_9676.png,90.94028525762157
./vignoles_output\Collection-2-7-14-23\CR3\IMG_9677.png,90.19660670981355
./vignoles_output\Collection-2-7-14-23\CR3\IMG_9678.png,94.65227256025868
./vignoles_output\Collection-2-7-14-23\CR3\IMG_9680.png,91.31511400856638
./vignoles_output\Collection-2-7-14-23\CR3\IMG_9679.png,90.62655009920636
./vignoles_output\Collection-2-7-14-23\CR3\IMG_9681.png,86.09546249055178
./vignoles_output\Collection-2-7-14-23\CR3\IMG_9682.png,85.2452617814101
./vignoles_output\Collection-2-7-14-23\CR3\IMG_9683.png,89.65870588204417
./vignoles_output\Collection-2-7-14-23\CR3\IMG_9684.png,89.94595812862181
./vignoles_output\Collection-2-7-14-23\CR3\IMG_9685.png,90.94560808505501
./vignoles_output\Collection-2-7-14-23\ER1\IMG_9718.png,95.32246492346938
./vignoles_output\Collection-2-7-14-23\ER1\IMG_9719.png,93.26887873204838
./vignoles_output\Collection-2-7-14-23\ER1\IMG_9720.png,91.12609212280591
./vignoles_output\Collection-2-7-14-23\ER1\IMG_9721.png,92.78359926146385
./vignoles_output\Collection-2-7-14-23\ER1\IMG_9722.png,93.96478305828504
./vignoles_output\Collection-2-7-14-23\ER1\IMG_9724.png,94.31471180293104
./vignoles_output\Collection-2-7-14-23\ER1\IMG_9723.png,96.94962620464852
./vignoles_output\Data-collection-1-7-10-23\CR1\IMG_9632.png,92.40507979812296
./vignoles_output\Data-collection-1-7-10-23\CR1\IMG_9631.png,88.55357536533131
./vignoles_output\Data-collection-1-7-10-23\CR1\IMG_9635.png,89.36219404814395
./vignoles_output\Data-collection-1-7-10-23\CR1\IMG_9633.png,88.78758293440832
./vignoles_output\Data-collection-1-7-10-23\CR1\IMG_9634.png,89.17026060038212
./vignoles_output\Data-collection-1-7-10-23\CR1\IMG_9636.png,92.22566196617535
./vignoles_output\Data-collection-1-7-10-23\CR1\IMG_9637.png,90.60930216994205
./vignoles_output\Data-collection-1-7-10-23\CR1\IMG_9638.png,92.14773872511968
./vignoles_output\Data-collection-1-7-10-23\CR1\IMG_9639.png,92.57452450501805
./vignoles_output\Data-collection-1-7-10-23\CR1\IMG_9640.png,93.01700811497439
./vignoles_output\Data-collection-1-7-10-23\CR1\IMG_9641.png,93.32539584120684
./vignoles_output\Data-collection-1-7-10-23\CR1\IMG_9642.png,94.77182703714202
./vignoles_output\Data-collection-1-7-10-23\CR1\IMG_9643.png,81.49535856009071
./vignoles_output\Data-collection-1-7-10-23\CR1\IMG_9644.png,85.98999833343831
./vignoles_output\Data-collection-1-7-10-23\CR1\IMG_9645.png,89.8779095936214
./vignoles_output\Data-collection-1-7-10-23\CR1\IMG_9646.png,85.532054739334
./vignoles_output\Data-collection-1-7-10-23\CR1\IMG_9647.png,94.30573106943395
./vignoles_output\Data-collection-1-7-10-23\CR2\IMG_9616.png,88.66210691452507
./vignoles_output\Data-collection-1-7-10-23\CR2\IMG_9618.png,91.34526302805072
./vignoles_output\Data-collection-1-7-10-23\CR2\IMG_9617.png,97.18205086818678
./vignoles_output\Data-collection-1-7-10-23\CR2\IMG_9619.png,90.98115374622071
./vignoles_output\Data-collection-1-7-10-23\CR2\IMG_9620.png,94.74815726830855
./vignoles_output\Data-collection-1-7-10-23\CR2\IMG_9621.png,96.42032063597044
./vignoles_output\Data-collection-1-7-10-23\CR2\IMG_9622.png,92.9142668834509
./vignoles_output\Data-collection-1-7-10-23\CR2\IMG_9623.png,96.1217420031284
./vignoles_output\Data-collection-1-7-10-23\CR2\IMG_9624.png,90.51830560542118
./vignoles_output\Data-collection-1-7-10-23\CR2\IMG_9625.png,92.66591474552784
./vignoles_output\Data-collection-1-7-10-23\CR2\IMG_9626.png,94.93495652504829
./vignoles_output\Data-collection-1-7-10-23\CR2\IMG_9627.png,91.42599121052743
./vignoles_output\Data-collection-1-7-10-23\CR2\IMG_9628.png,96.12229971077937
./vignoles_output\Data-collection-1-7-10-23\CR2\IMG_9629.png,90.93383061172
./vignoles_output\Data-collection-1-7-10-23\CR2\IMG_9630.png,94.00196083448812
./vignoles_output\Data-collection-1-7-10-23\CR3\IMG_9567.png,88.88360706937097
./vignoles_output\Data-collection-1-7-10-23\CR3\IMG_9568.png,87.83119632884018
./vignoles_output\Data-collection-1-7-10-23\CR3\IMG_9569.png,94.4905701478122
./vignoles_output\Data-collection-1-7-10-23\CR3\IMG_9570.png,88.32685080204922
./vignoles_output\Data-collection-1-7-10-23\CR3\IMG_9571.png,88.95509206769128
./vignoles_output\Data-collection-1-7-10-23\CR3\IMG_9572.png,87.54096690759637
./vignoles_output\Data-collection-1-7-10-23\CR3\IMG_9573.png,92.82742852156295
./vignoles_output\Data-collection-1-7-10-23\CR3\IMG_9574.png,89.56416623362308
./vignoles_output\Data-collection-1-7-10-23\CR3\IMG_9575.png,91.75957420005038
./vignoles_output\Data-collection-1-7-10-23\CR3\IMG_9576.png,86.36171868438734
./vignoles_output\Data-collection-1-7-10-23\CR3\IMG_9577.png,93.88261139718233
./vignoles_output\Data-collection-1-7-10-23\CR3\IMG_9578.png,90.48621281074159
./vignoles_output\Data-collection-1-7-10-23\CR3\IMG_9579.png,88.63199890295624
./vignoles_output\Data-collection-1-7-10-23\CR3\IMG_9580.png,88.8402863074242
./vignoles_output\Data-collection-1-7-10-23\CR3\IMG_9581.png,89.48472569969346
./vignoles_output\Data-collection-1-7-10-23\ER1\IMG_9648.png,86.10806832378013
./vignoles_output\Data-collection-1-7-10-23\ER1\IMG_9649.png,91.40413399155959
./vignoles_output\Data-collection-1-7-10-23\ER1\IMG_9650.png,95.95014027987739
./vignoles_output\Data-collection-1-7-10-23\ER1\IMG_9651.png,95.98447210674394
./vignoles_output\Data-collection-1-7-10-23\ER1\IMG_9652.png,91.49453184051399
./vignoles_output\Data-collection-1-7-10-23\ER1\IMG_9653.png,90.15243298322414
./vignoles_output\Data-collection-1-7-10-23\ER1\IMG_9654.png,93.95818898547074
./vignoles_output\Data-collection-1-7-10-23\ER3\IMG_9598.png,92.21417974983204
./vignoles_output\Data-collection-1-7-10-23\ER3\IMG_9599.png,95.90617159286555
./vignoles_output\Data-collection-1-7-10-23\ER3\IMG_9600.png,91.80088557413706
./vignoles_output\Data-collection-1-7-10-23\ER3\IMG_9601.png,92.8900476085496
./vignoles_output\Data-collection-1-7-10-23\ER3\IMG_9602.png,95.56931617168473
./vignoles_output\Data-collection-1-7-10-23\ER3\IMG_9603.png,96.7428478914714
./vignoles_output\Data-collection-1-7-10-23\ER3\IMG_9604.png,94.71179144883261
./vignoles_output\Data-collection-1-7-10-23\ER3\IMG_9605.png,92.67675723838919
./vignoles_output\Data-collection-1-7-10-23\ER3\IMG_9606.png,93.99367723555471
./vignoles_output\Data-collection-1-7-10-23\ER3\IMG_9607.png,95.08946614911396
./vignoles_output\Data-collection-1-7-10-23\ER3\IMG_9608.png,91.11657008482406
./vignoles_output\Data-collection-1-7-10-23\ER3\IMG_9609.png,95.9781814925044
./vignoles_output\Data-collection-1-7-10-23\ER3\IMG_9610.png,91.71525284496515
./vignoles_output\Data-collection-1-7-10-23\ER3\IMG_9611.png,93.58115400867138
./vignoles_output\Data-collection-1-7-10-23\ER3\IMG_9612.png,90.45511240761736
./vignoles_output\Data-collection-1-7-10-23\ER3\IMG_9613.png,87.87397578630217
./vignoles_output\Data-collection-1-7-10-23\ER3\IMG_9614.png,90.96484079743009
./vignoles_output\Data-collection-1-7-10-23\ER3\IMG_9615.png,93.71572558421516
./vignoles_output\Data-collection-1-7-10-23\ER4\IMG_9582.png,95.19211716322332
./vignoles_output\Data-collection-1-7-10-23\ER4\IMG_9583.png,95.31175365593768
./vignoles_output\Data-collection-1-7-10-23\ER4\IMG_9584.png,93.76407391660368
./vignoles_output\Data-collection-1-7-10-23\ER4\IMG_9585.png,92.63227185164189
./vignoles_output\Data-collection-1-7-10-23\ER4\IMG_9586.png,94.04035244499033
./vignoles_output\Data-collection-1-7-10-23\ER4\IMG_9587.png,92.31814301723776
./vignoles_output\Data-collection-1-7-10-23\ER4\IMG_9588.png,94.13676205435878
./vignoles_output\Data-collection-1-7-10-23\ER4\IMG_9589.png,95.28942894673301
./vignoles_output\Data-collection-1-7-10-23\ER4\IMG_9590.png,93.19344877225582
./vignoles_output\Data-collection-1-7-10-23\ER4\IMG_9591.png,95.13976645828083
./vignoles_output\Data-collection-1-7-10-23\ER4\IMG_9592.png,94.00681617168473
./vignoles_output\Data-collection-1-7-10-23\ER4\IMG_9593.png,93.04655021730915
./vignoles_output\Data-collection-1-7-10-23\ER4\IMG_9594.png,96.99618659192072
./vignoles_output\Data-collection-1-7-10-23\ER4\IMG_9595.png,94.45243278638617
./vignoles_output\Data-collection-1-7-10-23\ER4\IMG_9596.png,95.38501019620811
./vignoles_output\Data-collection-1-7-10-23\ER4\IMG_9597.png,91.67434334845049
